iter	Logloss
0	0.6902003411
200	0.5301888165
400	0.469845859
600	0.4175759367
800	0.3819589293
999	0.3529233864
